all	TIMEOUT	-
api	PASS	-
attrib	PASS	-
big	PASS	-
bitwise	PASS	-
bwcoercion	PASS	-
calls	PASS	-
calls_head313	PASS	-
calls_isolated_tmp	PASS	-
closure	PASS	-
code	PASS	-
constructs	PASS	-
coroutine	FAIL	lua: pcall_k failed: Runtime: ...lua-rs-port/harness/impl/official/coroutine.combined.lua:327: asser
cstack	PASS	-
db	FAIL	lua: pcall_k failed: Runtime: ...iments/lua-rs-port/harness/impl/official/db.combined.lua:28: assert
errors	PASS	-
events	PASS	-
files-debug	PASS	-
files	PASS	-
gc	TIMEOUT	-
gc_part	PASS	-
gctmp	PASS	-
gengc	FAIL	lua: pcall_k failed: Runtime: ...nts/lua-rs-port/harness/impl/official/gengc.combined.lua:130: asser
goto	PASS	-
heavy	PASS	-
literals	PASS	-
locals	FAIL	lua: pcall_k failed: Runtime: ...ts/lua-rs-port/harness/impl/official/locals.combined.lua:982: asser
main	PASS	-
math	PASS	-
nextvar	PASS	-
pm	PASS	-
repro_closure	PASS	-
sort	PASS	-
sort_repro	PASS	-
strings	PASS	-
strings_part1	PASS	-
test1	PASS	-
test_bitor2	PASS	-
test_weak	PASS	-
tpack	PASS	-
tracegc	PASS	-
utf8	PASS	-
vararg	PASS	-
verybig	PASS	-
